Day,Day Length
"Mon, Jan 3",07:53:54
"Tue, Jan 4",07:55:21
"Thu, Feb 3",09:15:58
"Fri, Feb 4",09:19:30
"Thu, Mar 3",11:04:18
"Fri, Mar 4",11:08:22
"Sun, Apr 3",13:11:12
"Mon, Apr 4",13:15:17
"Tue, May 3",15:08:09
"Wed, May 4",15:11:45
"Fri, Jun 3",16:36:46
"Sat, Jun 4",16:38:32
"Sun, Jul 3",16:45:37
"Mon, Jul 4",16:44:19
"Wed, Aug 3",15:29:06
"Thu, Aug 4",15:25:43
"Sat, Sep 3",13:32:56
"Sun, Sep 4",13:28:58
"Mon, Oct 3",11:32:06
"Tue, Oct 4",11:28:05
"Thu, Nov 3",09:31:16
"Fri, Nov 4",09:27:39
"Sat, Dec 3",08:03:05
"Sun, Dec 4",08:01:12
"Tue, Jan 3",07:53:33
"Wed, Jan 4",07:54:59
"Fri, Feb 3",09:15:06
"Sat, Feb 4",09:18:39
"Fri, Mar 3",11:03:18
"Sat, Mar 4",11:07:22
"Mon, Apr 3",13:10:13
"Tue, Apr 4",13:14:18
"Wed, May 3",15:07:17
"Thu, May 4",15:10:53
"Sat, Jun 3",16:36:19
"Sun, Jun 4",16:38:06
"Mon, Jul 3",16:45:54
"Tue, Jul 4",16:44:38
"Thu, Aug 3",15:29:54
"Fri, Aug 4",15:26:32
"Sun, Sep 3",13:33:54
"Mon, Sep 4",13:29:56
